"","Estimate","Std. Error","z value","Pr(>|z|)","2.5 %","97.5 %","beta.BT","lowerCI.BT","upperCI.BT"
"(Intercept)",0.666976569005619,0.128453067080128,5.19237558251189,2.07627618232897e-07,0.408539997691974,0.912032258584074,1.94833774192898,1.504619432859,2.48937645287511
"tail_scaled",0.31830281163398,0.121062613709186,2.62924119909224,0.00855756405767091,0.0748592324073519,0.568012097452932,1.37479250136692,1.07773243040647,1.76475540042472
"socM_tail_scaled",-0.162577805266646,0.129838543581936,-1.25215364237392,0.210513884319467,-0.429718689799727,0.10113933098298,0.849949957069632,0.650692115308604,1.10643079111401
"throat_avg_bright_scaled",-0.0237089757309786,0.141118719158661,-0.168007305284017,0.866577531987002,-0.297474157957342,0.245501984829316,0.976569873940279,0.742691775645344,1.27826282072178
"socM_t.avg.bright_scaled",0.0302765522597468,0.13312477949988,0.227429877243658,0.820089490230526,-0.238458110395829,0.293050264789796,1.03073954789226,0.787841689942464,1.34051016920015
"breast_avg_bright_scaled",0.249578553899598,0.137500833141616,1.81510575752331,0.069507658572713,-0.0275493300705263,0.527662336666946,1.2834843831993,0.972826691760455,1.69496541529237
"socM_r.avg.bright_scaled",-0.10722882107826,0.135675033545571,-0.790335688711985,0.429331749578321,-0.376988414478864,0.156968242855252,0.898320094898165,0.685924020637226,1.16995845877082
