"","Estimate","Std. Error","z value","Pr(>|z|)","2.5 %","97.5 %","beta.BT","lowerCI.BT","upperCI.BT"
"(Intercept)",0.643241326281328,0.131117160105041,4.90585157401222,9.30228520849553e-07,0.378897001533844,0.892806313683196,1.90263796579357,1.46067258095986,2.44197298673243
"tail_scaled",0.307503555302553,0.122180794364058,2.51679125924074,0.0118428969999888,0.0634719617217125,0.556982134201602,1.36002564379601,1.06552960976691,1.74539716975683
"socM_tail_scaled",-0.20105248405505,0.13421237863692,-1.49801744143847,0.134128719005203,-0.476966732340283,0.0701424528052288,0.817869505319257,0.620663176961355,1.07266097393588
"throat_avg_bright_scaled",-0.0614907411310145,0.142395110870176,-0.431831828742186,0.665863644548488,-0.338984021485054,0.211738575335912,0.94036165238446,0.712493833591607,1.23582476777014
"socM_t.avg.bright_scaled",0.0956392321140073,0.142083291092179,0.673120895348345,0.500870381472728,-0.186605832800666,0.374000641757474,1.10036201709867,0.829770740342864,1.45353808327548
"breast_avg_bright_scaled",0.253336327147181,0.138171249035027,1.8334952380937,0.0667289560783332,-0.024910299238302,0.533014079152376,1.28831649979127,0.975397401994233,1.70406074995279
"socM_r.avg.bright_scaled",-0.0498661635038224,0.142557578783883,-0.349796650091956,0.726491313258741,-0.331637530395926,0.229933947077498,0.95135674223364,0.717747437339235,1.25851687846613
"ci_1_julian_scaled",-0.226896243181244,0.151232797215667,-1.50031109229353,0.133533837486077,-0.533256827010049,0.0661113470289687,0.797003472545075,0.586691103372283,1.06834566765948
