"","Estimate","Std. Error","t value","Pr(>|t|)","2.5 %","97.5 %","ci.text"
"(Intercept)",8.10182285022538,0.307325530035037,26.3623489050901,1.1225398886641e-24,7.47791885514752,8.72572684530325,"(7.48, 8.73)"
"tail_scaled",0.132160800809711,0.320611953016283,0.41221420338935,0.682696384725316,-0.518716066900471,0.783037668519893,"(-0.52, 0.78)"
"socM_tail_scaled",0.171342759613767,0.334847848813653,0.51170333099294,0.612072226729994,-0.508434513020403,0.851120032247937,"(-0.51, 0.85)"
"throat_avg_bright_scaled",-0.262686075183109,0.345827452792734,-0.759587109299115,0.452587508301917,-0.96475312890426,0.439380978538042,"(-0.96, 0.44)"
"socM_t.avg.bright_scaled",0.00424673930818754,0.344868312131099,0.0123140896359686,0.990244952219085,-0.69587315535147,0.704366633967845,"(-0.7, 0.7)"
"breast_avg_bright_scaled",-0.278727253588257,0.350960829596313,-0.794183367724706,0.432440762309137,-0.99121561625705,0.433761109080536,"(-0.99, 0.43)"
"socM_r.avg.bright_scaled",0.0306387688097304,0.343467807333315,0.0892041936844383,0.929428136765953,-0.666637949956394,0.727915487575855,"(-0.67, 0.73)"
"ci_1_julian_scaled",-1.03088573748824,0.346244681132249,-2.97733306434385,0.00524904392510014,-1.73379980976933,-0.327971665207148,"(-1.73, -0.33)"
