"","Estimate","Std. Error","t value","Pr(>|t|)","2.5 %","97.5 %","GVIF","Df","GVIF^(1/(2*Df))"
"(Intercept)",19.3711533367227,8.82425413856485,2.19521707246219,0.0341655543042808,1.52241461455077,37.2198920588946,NA,NA,NA
"site.sizemedium",-0.240403398123869,0.724304111154807,-0.331909476173727,0.741734826715552,-1.70544674710199,1.22463995085425,NA,NA,NA
"site.sizesmall",1.59162758991321,0.902165415238978,1.76423033185283,0.0855251413876095,-0.233174203861866,3.41642938368828,1.33715003586764,2,1.0753381040561
"tail",0.0522655075758264,0.0873570891882853,0.59829726541341,0.55310065115132,-0.12443088352616,0.228961898677813,1.15542008951346,1,1.07490468857172
"throat_avg_bright",-0.0249190433487818,0.0924641406500103,-0.26949953975243,0.788966110727724,-0.211945421070559,0.162107334372996,1.17833543488713,1,1.08551160053089
"breast_avg_bright",-0.0734237427663305,0.0531709154525105,-1.38090048180398,0.175171992980301,-0.180972070662166,0.0341245851295048,1.22807508814751,1,1.10818549356482
"ci_1_julian",-0.0868643601121673,0.0269663288044951,-3.22121564050972,0.0025764116557102,-0.141408908531745,-0.0323198116925894,1.06374617277696,1,1.03138071185036
